Actual_Economic_Loss,Predicted_Economic_Loss
617042694.9017872,362625643.6151606
821460982.4075099,374292245.91709673
605530979.4301765,375061367.59567386
181180517.81043074,395847983.7902489
178323894.41774705,397488731.36042094
722086785.8027633,353357425.4808912
94255084.9738653,379766667.4359913
140226899.0350751,413153835.4935132
776512665.1895891,357431031.6679918
635897621.5151427,388553743.0415458
650078037.8726925,347827229.58118147
801176442.8649815,356278451.9458249
535325789.3133968,372801703.1440316
947022128.1481856,363431443.2423897
199812473.61799115,343434436.3066703
556649969.7174864,360310942.92787325
600294734.341876,370168517.009131
697579738.9013286,400711281.41301805
640607350.9807429,417401882.5924776
509431444.4196738,363052673.0375089
307381417.7454087,370045876.4684615
977167506.0983031,349059181.7083429
637481519.1962957,360426618.0486706
7051068.198806031,356583116.39623165
647910903.6083188,396591160.5241657
929395164.4663132,395556185.21026754
865077467.6536711,385502502.7094217
121677565.9082581,392929254.8948314
767861934.759136,390283602.2930594
995651146.5942781,330091065.1041827
951921733.7450786,329746799.06968427
562624513.4669528,391246289.66930926
532689768.38504636,379193842.644576
880614363.2937323,357362406.06814826
50190128.52380624,405916257.76673067
146236784.3652687,347722315.10724753
211596360.69619882,414135719.34603924
542248335.8100381,387671277.22398335
555891499.0178065,383111328.2293804
509722780.309357,398290420.82545215
261749486.39546314,378536710.92098933
757192286.0167434,407127501.30051553
487682034.48476607,409666260.2160827
127685843.46289986,363418748.966292
950604144.4238526,364515683.92584604
349034615.9133425,352374999.8756193
210923815.8830945,401342473.04487854
843173564.7363102,402262295.2646736
710344470.8355476,421654613.2826279
836787608.0942707,365608729.34841144
73333598.27270103,376845355.10308385
89106825.49919333,389569638.1107521
379360718.2972,374555639.9684821
120013461.65108474,352310421.32806224
922077822.1070675,333521964.20264333
421192582.76842433,401339052.36324537
809576302.5429081,405163696.0633001
845985006.243796,367506102.74025756
307098955.8078355,415055483.201148
366609095.91567564,384661788.1811935
481092528.545489,386349302.5438365
357720430.3565828,402750218.80839723
784175286.079818,384862701.64870524
788087104.1974789,350957021.3890697
26930498.87621636,356588200.6865093
750122526.2544553,376073769.31714517
268104566.59645563,362806773.29468167
632388595.0706396,386147290.9831417
432890466.6144021,359427906.7465157
230955787.92395753,381241661.02075624
350950030.146251,366106877.80944633
37440862.00145619,358795544.2606628
998166002.9753193,363370967.9300827
462153584.70475495,390380551.9080669
182813417.14327946,423479647.27890486
647358465.2846276,349591621.24010706
556037851.017538,371530836.83282393
332122793.54281676,372471058.9192157
700721326.1493694,389691125.4080461
130408230.27277152,374291111.1646424
752720968.3079755,377803978.8737922
651188124.8183842,372936082.04987806
70127816.70119035,348785103.8363921
933615792.3779659,370622903.25750804
48521251.212289475,382003857.40796113
476093772.7732157,373592872.5362071
133390721.2956549,350575517.0863808
922522541.6896453,365105204.56681556
109092437.33334216,368329807.8358377
793377616.339479,352315543.58052474
677871587.4962125,369250451.3656548
11598982.25593396,362289541.50901604
985134172.9783655,388940618.5872002
148163106.17100617,364839577.10094315
350474506.1228356,389010602.65247256
726661362.7520052,388333380.1783915
289414183.79186076,356621964.5832438
975383937.8528832,401373852.2029686
58504800.14294799,347105435.0222294
847488044.1764598,387052220.2111942
939901119.9373093,360814183.263079
918934370.024598,396170969.23084396
705346371.7855837,353978544.4997269
111204082.01745252,369187651.1579011
650979004.0247906,407900965.0820039
801084670.2521869,418166709.4016132
953699729.0530547,351676210.05945426
558557144.5854819,359098439.1603766
557824824.0731771,402147203.44157535
870711773.7262336,357698059.13073474
186433546.63322142,420960144.9619855
513248105.4873351,358143914.9637094
416878993.0841164,427894063.7847579
866773849.4447408,380776190.5934479
661141272.1724305,380148377.91083807
672007809.5901773,379086294.8697344
731039292.2584958,350828110.5969661
899930876.8507693,365746654.6315847
696081991.6162055,379728876.2603502
314805840.1792845,365505642.1744991
360764206.6047008,410742415.9625273
943311770.7394128,375573092.4763189
515112460.4896742,422543181.8777314
647741407.8589593,355392313.74744743
407619663.60103005,365252306.5072752
599977071.789906,359289165.53943473
647825681.2484537,414476136.00199544
35455093.265742935,387140272.1436245
555303846.3242326,390044604.7408322
976735569.7667605,387927094.05134374
585975231.6925787,341302716.8388065
765064719.1895443,367092942.4146911
483055020.9319511,363617611.05961674
678325155.3268298,410297370.35076904
475392769.1009925,360668515.9902171
115243577.87297644,373546313.16697246
201864844.44346443,372934778.36794585
226265932.80607092,364596000.1296402
224592156.73802078,412267390.50524795
873148679.899249,403437150.911057
515634850.1102797,374888195.9693387
415061809.77546674,380486854.563381
800004647.6494145,386128754.02069783
233631379.9816184,410108837.99452007
343923070.68111527,372832429.3745104
466711018.6573588,363425744.2496462
676478726.7948722,414948401.6785829
233450128.20339265,352891362.9584133
518798801.02059823,376712923.61078346
272631880.79036355,341923835.6242125
977255494.9972588,366050883.9475274
198239235.64101383,359999703.23533785
869011293.685294,357423754.7755943
151174951.84321588,425278640.85982525
979315326.4777948,382737865.4934435
25967334.108192604,395157624.2173001
407752509.8749653,380118704.84207845
81756420.1826992,421231750.00666755
787185088.8700082,360585137.55694455
339661629.9960042,424631550.6991484
838355547.7792224,406180792.52169675
965103414.6352916,364049750.34819907
249433509.65745544,333554663.80915445
85876037.02896923,412944861.7635336
785769513.1445754,388892437.3358521
367607437.566143,400803199.1987502
912356105.2831888,335441837.7378376
701202899.6832223,365477104.06872004
458843599.58436394,375945305.99444264
523026884.2625377,364677019.2275847
794402551.6514748,393321180.92460275
2128584.211113649,376302628.7513879
722813914.4720035,358247043.27479523
912318985.4430994,400341836.09055436
819069294.20293,379223527.79358065
473798072.9951257,386122861.19690317
532066375.57701224,402708743.22652775
365296234.89117724,409067051.85014683
1036596.7290369412,418413348.1313774
298199847.8082713,414767194.63232785
135495460.12634158,413574832.55830103
2565450.085632587,400241676.155223
744204758.65074,402725047.7753224
764142048.7080715,371617264.90376246
734286392.7510777,392875559.59279025
523448938.0216657,390000747.1486172
13371982.526540708,349630349.1358542
482021789.8743582,354470201.7930904
241871581.75360355,358746783.5155892
889708189.2231671,382613090.8649936
326610897.3277013,354440738.25985813
619902036.7946385,390015049.19560903
85120824.49064387,392522762.91865134
604492399.1223316,414433559.3530075
767384519.7904991,386609956.6232238
734119777.8417118,398333425.8003457
943550425.0317183,370840973.1881659
923533647.9959065,363449871.3925525
757314289.1313066,374097298.3843715
189925243.4719057,409729935.3750621
165567725.14309585,355645923.8209755
115609167.16602331,426263588.57350504
100240155.37955247,371459865.2646402
408559154.6876128,363450497.7316335
542760404.628116,370238344.17859054
579895592.9901358,364436050.46423984
732237865.5492954,400624822.8452064
430162689.8631004,349832069.50054383
156855114.95235136,438057758.72073615
958232180.4260226,352416662.2934647
531905715.8980369,360929754.5725406
731081296.6072434,359892830.59536946
650811282.5666785,420882389.9047031
981341267.4356474,362327938.4147739
674903730.4736129,385618495.14542216
111452385.07428963,386632591.48611003
616866944.7437158,387947136.6628586
775182569.4461684,409176875.7462889
606163523.8343252,356670786.04661
459159212.3987047,364958905.0352852
950716756.5883358,412490360.26688594
181427147.49452752,395517244.5374136
842906244.7666522,406706962.2714664
322677715.6299823,407565708.8510893
879631999.8721164,388699926.2171342
884315102.5385077,415099431.6274712
617856353.2094511,329758445.0811489
728879274.3432982,350118057.3873531
679769691.8929845,399737254.2374121
794006081.2947849,419230708.9345876
205518634.42177606,382895144.7616342
119177234.98120946,415622209.83616763
683995445.1737809,356578072.85576075
413945775.45008063,397570503.1108397
398866177.996226,381016162.9068791
998903083.1142957,394323585.4821351
858882740.3234142,370017042.76897097
854231626.8077412,377941640.93850034
48228489.771304086,361003669.48573536
255547616.40747994,395104359.7011387
109454802.23782587,342907266.9863714
228375465.66947973,358905828.70909965
727462843.6089424,382660292.6442925
687052690.4472893,372579913.1872881
298689099.22127134,389932524.5705774
931939132.3255847,364389280.42633635
47002836.560648054,384159068.4561234
957412518.7517531,384674898.308721
381509296.8717944,408761369.5254379
607951377.2287427,337095451.9385976
968653670.4723587,369850288.8274858
857069602.9841245,391804767.94768786
18802568.941803157,389723863.5137332
634374278.826539,399928043.52984506
415829338.3288259,399516400.67292583
389348442.0672442,404447597.9253548
620412177.5123705,395876902.1702324
998310795.3947989,409631852.1495829
203527738.1266689,407736623.1665545
692348020.2938392,370101842.8739934
958451810.6001513,370336391.79328895
343716451.80662584,349848728.115877
442369030.5031896,387549842.52668786
197351681.23477733,350992960.75652635
772945140.0490688,436960003.37270856
186882726.57116738,336734366.049553
876561161.4246391,423335394.1714838
249969092.31481948,381912618.4039564
455197298.3733173,405048364.0237405
132954784.91153255,368979143.8947833
342193196.7274498,368420291.4622097
670160769.5048442,387946055.2074045
999062720.2221779,373361065.9163867
646698747.4775401,413210215.2701494
212514387.0623796,388167322.21243495
900373691.198142,389857467.28166866
443206577.13412696,363913896.34722865
661674300.9000493,339743255.0619274
98818842.38513689,365075236.44623536
645523228.4690051,411788506.02317876
555282910.6041138,392725792.8655654
756024127.6771915,408902478.11873245
272654478.01262754,389136395.588008
543723992.3817391,377593191.92059135
686038359.6315719,377691639.2581151
859353909.5755976,372102116.8180088
577744799.9946818,392864398.4316914
624187365.1382985,406974125.81691945
697040358.7196891,356843891.1031444
723660044.5653774,387341235.8832859
669286315.5728695,349638046.38878757
619691952.5644889,427207579.9394304
278746372.62733406,412423718.6764523
729627384.7399507,368290025.4254644
557127232.2108743,383802684.3615222
290359198.53639764,382971318.498083
685346171.1904643,386890666.7142924
47063170.79345511,349984446.6633475
524247777.63399035,379372725.88477904
330193256.1710198,388321856.9036257
692183056.24039,400566108.479069
986639103.7645711,420106486.9013433
88382674.76346502,358015749.884213
512088944.48892677,383762260.01414067
109322540.7942728,430974755.8470128
325890213.37663156,398182533.3291567
394286235.1530341,352234654.5381828
49844261.63892977,395224519.8012468
181548343.556756,358784229.38338023
280691032.0096141,360898399.15567505
832915230.8109128,390219617.6582059
569091884.5165242,380649854.86425143
533028482.7061602,388548864.54269546
597744589.7890542,365235098.9807104
893260602.3899276,408440096.2576932
783317690.8260055,387048938.16823965
283393791.9954333,409320818.7660771
305020324.07702667,383034027.723082
760105925.617453,388763388.24596244
387203426.2091195,400376952.23230505
82902977.68284091,367521816.42517906
420538103.162347,389315288.6680392
787570356.8805908,379781154.65463656
301398043.3675819,394850787.3025753
188835903.41380507,395010336.6135468
433968691.8764109,379050225.1300013
860397708.7596868,356821970.3200573
603717311.003638,368084832.83698404
834372792.7225809,358505396.4135965
783465510.1746215,338258960.51094145
749453004.966814,337963695.4321086
357541048.68747926,376368150.51565444
452320339.253579,383205533.0431454
630672236.7039661,388556430.3449503
284037734.3982819,382739850.2282822
131425150.3716524,403263483.69525206
821294693.221485,383093741.5076036
146928195.84877014,361334251.48886126
978985376.4308224,382506020.165202
517000734.263761,418411232.22914845
499446615.34939677,418682268.3668417
60214273.93694939,378388665.29414654
471004817.26661843,372463819.9549948
22130528.78782624,400460783.9290654
477354415.46668726,349035189.833131
667615234.233949,386079101.5060608
133381626.51165512,351908665.31644875
45297238.82066994,396302214.29389
755756429.1717496,386728009.4691411
248318956.18287733,356646558.7371743
98097611.87370804,397665229.96748245
398327088.3811405,346182147.53182113
878715333.6932218,384734741.06467485
154098197.00096485,388676531.86978424
607537260.6701027,409071648.79257524
533510629.95273733,375057627.48869354
584309005.1835842,365603749.5403726
956994895.5916824,395974040.269287
673328660.5817813,412332214.30108994
674573482.464793,410304175.3278659
28512768.61803887,353048762.4954516
474774442.0515191,350094852.99189365
405960916.8647834,417599654.36695033
125616855.7800764,391450579.51411706
649008003.0318879,347408025.6201628
819051889.4135383,379524153.3845978
895408292.873886,357920366.19648397
399103365.709733,396974438.7832671
601082390.6683451,385838715.6948047
144189237.93487522,362586480.51885045
851461832.7871344,373603300.1392647
406025935.99411756,352150907.46871275
130849310.01581953,361874919.84843415
411584867.6315757,337107975.93462104
22303852.736852117,381485107.10421133
521273987.1919707,369786459.9342269
809381440.2601967,381378228.30512434
589896814.2443246,391544242.3123285
664855870.8959209,424762091.8366398
773888270.8660773,399472324.9627079
469297441.88028556,373859455.00143754
121730789.2580621,373782258.2419084
220306222.14929456,415456898.023294
663369645.2458467,376608366.0943629
544709175.3484694,402876724.2507688
899868640.538074,382994928.48843724
936578915.235177,401149846.84816283
743278596.1367642,404015031.1587936
444249321.1865139,368274555.19009566
842405202.2502874,349740975.94071245
137383264.92539805,361543672.42067844
614979618.6876397,383066773.2523699
921095843.685061,407874819.8302183
580765751.7680029,379378798.60623014
763584490.1002803,355600602.3301291
17934158.624928053,392709976.15253896
618383347.5812609,361867256.21959794
578486296.4620938,421886269.27391946
556564819.669348,401953553.45430267
418144678.0655485,371881987.9521194
878022794.2070934,420292372.5229999
101114543.30821314,373653749.76487094
307395264.0223295,395998959.4200247
335075112.2318982,390985590.9179882
397097465.61492544,365754328.9790582
183378064.1503856,360526067.5923372
871424177.5821601,354556982.5313489
405219375.7839096,413709223.7706158
539635656.5464084,375214032.5221712
480851122.60304487,406805429.1829569
361841676.02028453,419516389.3746611
55318473.82763872,357928260.7126816
593500960.1858147,394579410.1301022
541381588.0981536,399249412.70935595
362465220.08806354,380961428.7905947
935215915.1678996,402844229.1986355
560260596.2007602,383412483.7895925
221775918.84313962,360601677.48009723
200230982.12266883,354063722.9612965
667882526.4679241,358378532.44876546
442672323.58157355,408146142.349103
227526644.9801736,365289898.5170942
704191160.1987526,362746696.08679444
900614569.1094335,375733675.3967752
461646000.942279,383690010.9388884
258947454.7798554,383946622.1687406
299393896.8053415,398982555.60751086
384388082.25842774,365592356.9176313
886494240.5385315,347345772.36560947
29669793.8885628,378690928.09034455
10262374.890348408,363032459.82923734
833579259.8357571,394147937.04461366
265056369.02238113,364518801.48154896
252775091.33564568,362900326.6153226
671534415.1321434,390834150.98683554
917822006.3413472,368645004.09363145
236940146.14933717,372536745.91347504
91738729.5393518,386445251.25727355
385893583.57828915,398532725.8032462
173904903.17599982,386726437.16733146
909292292.9598382,391823767.6313956
850593240.0038272,395087049.53559923
225605034.4959029,363483705.874702
267965693.976347,342281287.1733691
753533111.7098322,373378515.63902736
7361184.983121802,411365504.7130545
106243979.5793719,347958415.69856405
472308855.682631,378421665.2348348
477911328.3010719,375681946.7742985
873265593.2290444,355950565.6225373
400975470.3472344,364074552.50691164
370743890.646809,348115480.78859377
146544313.56324238,425823933.47091925
678439858.5048338,393014129.74974257
18445647.182582516,360481729.6700543
482572665.5008512,399672048.41346586
905291734.9030352,401798074.0810227
294830600.0019193,415162849.3910167
315593348.02350116,380183199.0459097
15104671.088648776,404956688.9710925
26764069.567326926,408402160.05547804
809265928.3480017,358705636.3369079
561025874.665898,410234984.3339285
257829016.74746716,367965574.5931266
359774108.2759235,392755931.36645967
319422451.998208,384915207.80134225
916015803.0294561,390883337.2860623
400820040.7706347,371612562.60647243
289411495.8791447,353762139.70749944
672703279.3445765,393959073.8056662
765605478.2508436,388981304.05877787
192902137.9597423,372131742.6025822
787965262.2481565,353735974.40042704
697298534.3792418,359047235.42743266
847229545.5948857,355192296.2190748
740422851.5346354,336457285.1899115
96931011.19384204,369475942.43249327
137909840.77212408,367244939.5056128
837752513.356352,434392843.7966069
299950825.20247734,372872598.8704131
727336267.9076843,375200964.4549361
821220461.1158173,361379679.2178302
409725864.19659656,416114129.6624362
396612930.09453875,359651612.7516781
27696222.376567084,402926568.271818
504391367.2194438,417918542.2655263
982532158.6091884,390232802.9515318
831278435.6660728,409935488.1934109
666330067.8265895,379939332.62959343
397793544.4842753,365943218.5319107
768241308.3835576,402663947.06130886
879935585.7392424,394611300.5098433
67795803.14582522,362692956.3947409
154457349.90136316,375555486.7763258
39394405.30685044,353597070.76640874
4008508.681899171,353339359.93013847
702607677.8964758,423172980.15171117
822679121.8924842,360968435.2506601
128884297.36558111,423692494.39452994
317627190.9779949,392161949.4609073
778224706.1470798,367022453.550889
853613646.9083544,380112516.61927265
484868489.70590293,353550073.389967
200199500.95334288,401241683.25155336
765650880.8346987,348737259.8060657
991212507.9769683,375804347.6174838
333570860.317317,354206769.844742
276914501.7581329,406728787.10040647
464760056.2998517,364313170.55013615
61059655.284832515,349490641.84545076
222481120.99928284,359594132.8318437
779122425.5546904,362178157.8784425
394071647.4215133,375184400.79982126
876111647.0186596,402071707.348225
919397342.3177763,395653901.7878572
638913509.3834579,366814213.590456
533008515.32833296,418034470.55826837
301480445.1301869,370005572.09396
541042192.4228084,421612814.52940303
889136189.47463,356543483.1742357
2416939.0338736814,374948912.40009916
344517553.35090446,361079134.94286656
615400119.2249947,339548688.3721439
280989158.38167185,420315968.3989009
864259311.1015738,357935547.7236159
332525882.03166413,353288849.85477006
460752402.4916089,356998378.483229
508939708.01955503,425000238.1148308
891622570.5817126,406933142.5830387
57526160.05826875,389967825.80844676
221633604.29316708,425940728.70699334
835523703.0114172,407171265.6988998
885956753.0094941,355466688.8894085
222240981.0581056,378658818.9537353
718823578.1124743,408581351.0226706
770283919.5437084,378377787.51777333
634447929.9219922,377313881.6749789
741837900.1165929,358419450.780002
764193784.9457198,395675303.46124667
877148844.4527603,425008879.47162545
139520826.45337912,341514062.249352
397610911.8080496,361663954.8924807
263139469.1411678,355809769.5182411
811722496.9798831,369003286.3635544
395674900.374383,375170224.47467834
694074230.6552764,405071450.0923082
368565986.1968633,351509739.5347511
44831052.66185249,373895470.280679
206284977.62322846,406772872.3591257
598116219.8265567,387384989.14179844
439075814.1143834,382918865.84762233
976341365.2480946,363566558.5238569
821255311.5389862,389498692.86632925
640379167.4887007,356922951.67387545
331593756.38795185,349742628.94831353
460105192.7094599,383682701.9513143
599914039.221187,377194745.411199
244999066.94646126,374630937.43462807
225100474.21130684,372561853.54677933
615267814.2517772,357987549.1510753
36719660.86813787,395674662.5753513
133115990.6222203,376783193.1091639
122824756.12481523,381764680.8549061
691750940.9345987,406852743.7182994
152326628.03443003,390654809.1271177
852171114.362026,397909777.01636696
169251689.07230437,377198003.7272159
876588031.5474185,363096715.7979039
575170680.4408426,413078528.04047734
45536254.823922426,383178456.53965
507067393.51435184,357838101.1148916
711131062.4168632,393880156.3575351
819800590.5407529,352022338.6850006
17654779.217219558,383599552.7917718
110179924.50849211,364453012.64250857
195491869.1477153,386141603.91830784
282284431.6927163,359982783.35815793
473897863.4630517,415380290.8414034
496647619.7799677,366246107.7378154
677922524.7078378,408861152.55763006
771054673.3519833,389893942.2650494
751293495.4789745,424290677.5454962
141707090.48530847,351853336.6105891
10922991.95949585,393848388.8881496
205344614.48867002,411473650.72662336
655184263.9301393,384764503.8925704
438781611.9515516,383465034.91047204
954772872.9004737,406761954.99498856
314191691.9831824,369523446.4139193
569688579.3652676,357659570.56530917
670400588.7677349,382845204.061873
297406763.3255589,371564618.41144663
470257727.6104033,388884958.80298567
114178066.46261223,372936911.948495
983464775.413052,402018169.0418603
875848209.2636182,355799525.24797505
901533588.7252802,360475086.7596856
638345513.3923258,387026338.9532511
118921522.0392436,355785119.51423806
749103981.5258279,425627148.02864736
552162891.1991245,374078513.5866569
160538363.2158098,395798487.21708226
895554533.2250698,355518147.82985973
228574658.62095994,361518661.07926637
704499450.1116126,361075038.0222278
902009754.4698948,352837812.8567468
640704632.4196297,358684373.635569
946637493.2261857,379514053.2808326
539044289.7695199,388397899.8043999
872999884.6098863,381280068.16533
554829416.246311,358048504.39144593
767014766.6610682,412298692.06797165
747028830.8492773,382820228.6759993
470365410.5075354,384225921.08117616
879901815.1652585,356924446.04544514
772826549.7467993,348561452.94993806
91936260.92209034,384229931.653295
19710553.268480305,370876599.42269444
810954805.0282063,373575896.9518714
163130556.068736,349835091.53201014
186386642.4317833,358163405.29341066
16479295.036450472,358546445.52274394
318199247.78538394,375478754.12180245
148196587.605777,378677818.7249734
504433269.3616004,377682079.5990028
614543438.0141106,440896075.3617517
909358329.1346934,352798436.87333065
157078284.87378734,411689762.0896658
264428112.2373648,376614489.1823223
630134196.3509027,415894981.4269072
11887986.817302655,375652914.7461182
315116548.6656052,394838125.46611387
630486462.7247328,360219638.64210117
367340158.86866254,381963598.6161459
607314224.3700652,361399902.2102869
769133943.7505946,381143263.97388023
75408174.90460128,395339033.2980398
282381453.8685733,371980627.9260041
978687709.9648777,395575446.6151166
810823838.6045268,356555788.94841087
656524814.8892864,341639617.15290767
45425101.982761934,417834185.85594887
868532691.6817591,368305473.1268552
419768139.75238323,415082895.16062343
484557747.7274546,399817847.34993505
937269078.1683,402313607.78661275
489733762.29300433,348842786.73305655
33551353.608896673,370642041.5945748
931318513.3872584,377042972.0112288
719607217.1388432,383897770.4914088
553458748.6323575,384666749.9050263
825148482.0982133,384188719.8723143
10550774.896862436,371743288.29802185
338412364.8866679,370428201.1636708
320199210.6069308,399056081.4755449
961609841.8452936,401092414.1015754
826301567.9181393,359947738.1293849
294500430.1557302,361778503.585613
827862095.1714991,394664571.8188738
980200126.3752632,341176570.6420049
512964512.99039584,394582139.2134548
695172695.6077759,386853469.3549356
479878113.8872262,348159479.6216448
187970277.1284669,358030102.1167747
599915586.1834335,380413844.61409575
484347857.3110694,377633874.3036248
564696155.5145494,407373845.1219145
41103531.671104334,421585611.73967934
464402486.18726075,395557608.1475597
308615287.85036254,375982602.823526
266195710.6858589,356917532.7242171
37910734.00904068,358072959.2626206
506986724.7017634,409738250.74709207
634248650.492917,430930882.4583383
900162954.5876426,372621525.10166794
317538271.7120375,391815572.78411424
998292978.9056356,358061999.3264629
404988364.51483667,345374938.84197587
460777150.703858,369770072.2216591
961689236.8218881,376385161.9099878
407084095.29818267,400972523.72810334
885065892.9060961,369617002.11788577
364789329.61618,378119769.9282624
621775257.792799,382870582.57411885
697777303.3544652,348944336.9824007
170690343.82914975,402854565.6887718
657682611.8738331,354643516.1506024
225746161.44562122,394512808.776186
26499484.420905437,393252636.3121695
122732618.5323429,394749283.6597997
832470492.4541775,412124475.4995106
793146921.3791639,413546694.7196708
296079940.3148351,381113203.01952857
940873868.1981869,360096628.9159208
269470254.60913366,409744334.8701074
311213487.9425842,422326134.6819618
7256732.738721753,360757023.6106638
121895262.63043515,339289565.30330056
102847068.23666593,357543306.07347184
650434947.9363652,390830630.71338516
552761951.0357728,391762326.70119554
450418155.84354335,412470400.21732086
63635042.09825497,343131686.98920816
681058535.0234166,389794673.8552008
132071927.02997811,385351691.29676217
162509031.57924524,331988668.2890766
10615868.3353517,393643756.1661725
876193930.2547245,430662564.3530049
643104475.4871305,403286106.6986987
301620439.6357993,383433335.8934294
994601422.6455203,401088163.4709794
164251925.55151808,363118716.28707415
3359265.584034531,391571210.77337843
19134287.535489082,420812036.89891523
647313249.393576,409425344.72033703
50359589.214713596,378319679.27386963
386525746.9082992,361624734.76023513
760038166.2270374,392762955.51845706
969386114.4037445,372313816.43287605
13551106.538549483,388849306.6302713
871334696.9433492,366778459.75179917
734822555.5110179,388189859.9374035
439468356.0079363,375575085.36510044
819529499.6081389,414865142.2040508
761361217.5068254,409523975.78409827
561417357.6348163,404301451.7986382
518481240.88898325,410071196.9207601
366912557.4062453,349677858.6864269
894314359.9293653,395528693.55710113
22719280.03022231,362846071.33331543
14945509.348446704,377055857.22148186
548978391.1807796,423973197.304104
508849936.38512003,393032561.698799
468656753.5547541,378869748.94079596
276368642.9992082,393265515.6066967
647504578.1224072,380833090.9156854
27736042.245653287,382241991.1957221
263325921.27283227,406937673.8288049
679800817.6960722,387250032.8272164
594907677.5914401,388121029.9081794
292382809.49470603,379784433.7507013
729166631.1959822,368943059.26705784
729879601.9168597,362570794.9625938
619111842.3426229,418076188.13832647
495705646.4819313,401199833.8993768
882264312.0285699,373121251.2308906
438189389.5394755,409330940.42031235
174734875.98703876,404314137.54612243
758093862.9858079,368179529.83436364
923007798.4928715,391951421.14389336
718612121.2422125,352371023.5363155
639698201.904937,393974872.9709337
503610890.15171176,354016358.3482682
649555795.8607458,386845305.5854359
169229751.55221003,382538318.9079985
902098755.7499253,369684719.1726166
353198803.4943853,387488072.66306835
982269837.20372,356129554.78774416
743151198.1104312,396287260.02761865
665072094.2505811,350532084.8955112
689685316.373452,350928383.2629685
519547390.67632645,366249626.01842415
28537684.471494343,345593937.35251826
844428829.1454911,365809510.7774884
265836415.49283642,406997044.9761232
357053323.35509807,406427301.82625234
357479188.52117753,422175780.75169367
216613850.06652427,410102846.8272302
263550133.95028347,388660375.8882601
723812938.6780893,387515554.21183366
484446130.1539475,426746119.8560754
580732528.3272228,399303475.22518927
48276609.39446776,358763842.6492212
151602357.0437813,398355950.45478016
64378726.69078966,370183383.59804016
168171739.5436405,369572957.13607866
178482528.28581178,365858726.8127601
478352906.69390565,432099964.74787784
59730202.47323781,386987965.4821636
858330831.3095305,362541595.3535151
807166154.1730783,365825357.408757
593516422.2046206,398403793.0583901
885497596.3511993,390472824.38547814
455668741.3812914,399969105.72411877
701929930.0196674,370520171.5784518
521764085.2553294,395444555.9159433
357857405.9291982,400806659.1437451
848744253.9035167,362833175.84368646
962444050.3596146,374921674.13828474
295552233.98166806,391094705.9450504
849462199.9018224,399326192.5591853
804352748.7045813,346648579.7464052
776476796.7423484,381782733.5516402
301597990.28452,395723720.5693654
509500265.88781494,361077421.87954736
796131719.4941133,406660364.97445476
251623148.31328812,382340158.9484973
998023820.5934479,352752248.7456555
314229081.40034163,389149152.13710666
199370673.04185182,414518765.1425325
119757207.68606593,404302878.65301704
760442856.5546471,384548679.7126573
951289492.3110535,365152355.1893902
780837378.6445054,354630618.99438894
634816919.9634813,396611032.1460371
727332589.2114702,399196203.9857136
411587134.74338233,351273020.84828454
343461196.1340133,358967580.34701735
485187012.75840706,342627877.4708704
783461632.8448949,377141452.24020165
252078069.12784907,375548130.0966899
324692957.47811264,361549350.4509073
763057951.0533652,534489330.8451729
860414840.103186,368679241.8741501
361222157.7686275,409296138.3357468
998621637.9726655,373666609.3930846
731310590.0184158,405727893.91554725
974868792.2576007,376398274.2672471
421566348.6370952,375217551.8693263
710027341.1789726,349278768.2455154
935103273.195931,358043847.5422988
695650408.033342,410101508.7303449
961854897.7032769,356225260.567945
808020548.2778885,347259817.65887254
539085141.1139622,418165883.8812036
744916556.8785851,402617105.3881363
222109040.5332948,354234456.0843588
616113264.6006054,365438186.0830802
582438214.1653594,370304681.73171705
164938473.9186768,412525874.4493149
115367687.94415496,376057587.7775128
460309982.8463849,375748275.4159679
746747020.0486181,360185790.17869353
25743802.317617305,423526448.39254755
568348187.8751659,421741039.16425556
667513608.1981128,371823777.72661906
267382135.345025,396316950.1766684
558045419.8538283,421880449.2246503
166866043.8798998,375457475.6249413
525817264.4893775,404148099.6024241
431124310.79521745,402120700.4238446
136672403.6290322,351756335.84386986
186947086.65266424,358303416.3603474
261582881.33915555,413721284.88864803
996527421.6979806,393076122.2893867
657797165.1820735,409144483.7778256
886368985.4357569,368166342.71051913
179471424.33056244,377331684.09250987
688794338.9690254,351484471.1605727
352798017.63267106,365647407.7164891
296357082.4125103,399002077.30712587
740061432.885039,376535020.75891894
495628656.39524966,392599149.6082361
354789764.3604656,350247973.9549612
874939120.3271065,375523317.51157683
19570790.764643036,385794434.784767
147990563.65914917,350849706.49466485
598136683.856494,378961510.76320994
214441530.55654845,398553246.22967815
711225045.4759604,397777080.3966506
153386806.74377576,394832907.4218708
192661974.53606492,398004096.2033869
432306775.725508,394600318.59148663
951433410.0525947,385171429.2757399
701081520.3096926,349089221.4651046
359503943.3022639,414724786.58265585
195745538.41892317,409704598.1376458
49282066.69292779,421758484.35016644
611900174.834826,363210941.3086158
746328852.4334441,407005936.22550434
845210870.4676092,361905007.29078406
904214304.1685361,377976097.83828646
922039802.3065293,353362891.3583322
267042175.550406,386967790.9366025
794789657.6588386,354896540.88224924
915057958.4222438,351690511.777028
893692345.188521,382110436.9153167
232523093.20561075,372410534.45737404
527240610.5416421,420316079.6290837
185078546.44729134,391637186.145146
306898459.35881335,374912230.765879
108949324.99342728,380391186.231419
378325789.4382689,355584497.0155107
740844019.0626827,366786050.3732541
97482315.23925932,374508851.20939225
384964404.6605174,396060288.52392954
585391086.1777059,373694119.59949523
436011551.3939712,368450163.3257549
214900256.9168559,364711366.2098081
569756244.7845492,400157826.6746606
256879063.5262698,406284635.5902753
301429033.01382256,389546092.82460654
10377087.975145595,415008810.72526217
737558516.7960126,392306514.18371636
766242061.0067699,390991020.0436306
343780022.2769162,347956241.14614904
42529433.764159635,386525843.88435376
361705352.54515964,392679381.3677549
216385428.55568567,378131854.83643246
754459930.753788,340537254.0781703
271338430.5919956,408052383.2246935
94693380.61005162,364142846.762435
838000377.4121351,392514917.0110213
67986690.68549696,385328747.54120386
679931720.2430907,376444329.2311355
306268091.15898013,353550943.8556471
917108065.2756896,361868231.5135668
245869237.83669865,394118442.44857043
911357383.7101967,375207166.57518417
833881847.4714515,347067032.56250554
595867588.7466536,350622400.5932955
160704995.62113526,398480974.1841688
904220154.2190865,380417990.0862521
815474700.3583149,357934474.73907876
356291165.738885,341643121.73476356
295359476.54635316,348382440.0285919
573044808.5370342,373112508.5972616
343625007.25114655,428865390.94490606
169059571.18629134,362196920.75774455
944461448.0048472,367595569.81357807
35588408.93654323,394186851.55505806
393084616.3470771,394662393.5300654
473574739.75103647,389692278.99008095
95516649.92155544,337798523.4560637
13186290.852482071,429053222.00540346
480923251.51317,366113954.73639506
574449052.0515134,370801742.26779544
742670946.1726526,395172273.88875204
107650734.85037424,404244225.99412066
540879604.2810614,399995647.5886456
42569493.12686928,425189942.4608046
224653593.14358845,423866847.98622745
266715332.76665282,346981147.0952803
630172671.2731576,429898642.9337919
690719293.9816378,338528993.59305984
234917406.43208224,343108581.6167619
496590050.2990639,377446149.8411442
896042117.7646691,397593944.2587766
435049655.3269261,338722775.31541544
912982935.7118438,360036527.8109685
80321004.99704228,403057754.4270999
98968517.21451241,390724799.5207685
99232043.2117833,347380700.1968131
22650758.00196299,397468413.60776556
877492132.6590991,462654650.34812045
92693507.5560558,407936041.88138515
124161236.1767821,366738102.2157609
748928884.296512,361881107.5177306
996852808.5932605,395962409.2243371
184892705.98586577,380441346.7194075
347820952.85002464,387431848.2808597
90005581.73471476,420083025.5435104
633515396.5525057,385102407.7911866
589652269.3977871,428563834.5705986
738834153.5274965,365259850.840871
580575922.7353845,364407350.76841813
840673887.3059744,356716626.45263004
650401752.9226506,428106903.6864149
217457688.78145504,365405994.26309943
311126445.5810532,375171794.3125603
885879438.4758501,375531261.4826997
81538500.3903004,410604903.71117115
807797633.8431512,380595558.3618729
876066579.2956951,405135530.45811874
657568744.3127263,376707558.2586804
854089663.9044526,347941460.7791846
870041122.3213885,386120646.2909983
230986978.3950878,358343125.3287502
308962230.11185753,349010031.27197105
547156610.6522688,411262445.6581582
345399637.8317572,387326092.1172937
79944269.97963524,340011172.64702046
806410236.276528,403941057.1288555
549788468.8349983,352540664.36601835
538666216.2603323,384736714.3123927
75886625.41032855,370764664.1055743
559798599.168112,340800387.68063456
168959834.1194121,393957885.0931781
253902436.95056257,376462981.49229944
933196994.5711501,374219745.03952473
621177922.5243042,373923300.3412537
537257644.0711509,405391394.1491466
42051438.379930295,362514372.48091674
303691365.6764601,416221159.68632364
892058112.5182692,409190814.19749796
371123061.30765617,343520460.4195374
532264360.70817375,392362574.32807124
346228118.24641824,363346951.24473095
171227762.7006904,401769730.4319071
316372054.1724533,400999157.34744465
448734981.45993125,345636485.2164003
68358384.67902927,365036791.62679154
330209763.3737171,361205625.7551777
830162449.1251795,371775656.77031714
304047112.354512,375306945.89451236
251567848.8452997,374944790.8601134
41132223.14209975,382845935.7535174
719377061.7147002,363539136.70134217
203178792.3578631,393066583.75369424
585206066.7893482,361964711.9486939
688364608.3828298,376910544.3481745
697097629.2673745,365199320.3844484
49599407.136118524,383713556.993071
582586110.9266891,441826613.3531105
140090425.23528957,347907553.4427499
662935970.3927507,363849279.00899893
781516064.3934069,358589492.49754554
79780113.89598866,422056658.5344111
577391591.564399,388332770.36443144
802517628.6597451,390202153.1650135
689638670.9368232,349220297.7755812
777279821.727809,360001715.18684614
920616158.5297148,381970120.0314908
790360762.6242536,435602129.37191224
11959981.524524514,406629004.5937825
977177949.5940449,353338531.38051313
226914228.56690052,405322838.55038726
252145402.7493491,420928278.5449185
115802909.53767084,419668444.5645232
814062155.7474408,354499755.9566882
102489862.20386174,394034061.93398535
823442578.5282063,402056005.2502864
669274449.079573,408123936.2008441
48855201.19794834,389092997.87607944
420537861.56279016,389298984.1915356
887934109.68461,369184006.3312749
32810002.004323356,364690893.5153864
292141774.28012526,394541811.45691293
654490192.8257054,395960128.46595573
356423436.87474513,411569366.96235824
485222395.192295,374335936.5544055
279567455.470827,412869525.0549126
766305452.3604836,354669741.36908734
821560753.2703933,407736436.09068704
207186001.1255405,357541296.033499
339487872.856362,354081456.69300145
835277601.9692168,354532874.3309686
139394774.05527335,391320015.14617145
837059541.1398851,341516661.3662209
410917819.36061585,419069239.9905895
289566773.38152975,356955928.689473
63638356.64057777,399273019.67719257
590025635.1731122,347430103.4981999
919487060.5706755,348650630.79407257
286503177.0338692,361183491.1932944
46408839.95605633,357270133.1851876
479146594.6215028,368878159.6748871
432390691.14813226,370508961.9358457
186560075.48857218,388109060.3027463
815486617.0846753,344244894.18725365
270753458.75853926,367573664.01239276
906302937.7845489,355174887.5249452
469597975.35952246,408035255.14018345
139188911.92883083,360704776.160525
507262085.1798835,384165569.12628686
303185953.635924,406905520.7505729
989039963.8106518,404011069.995696
724904046.2605035,364851880.55262184
397841189.04434144,406076415.769113
604586510.2037209,394544767.6576328
542213377.6472043,346157820.2078196
864416499.3004746,370379600.3648457
281161049.8992606,366738282.4526097
618710951.2528038,381682723.80146104
92280071.22719109,371514434.7594776
191436137.95019603,370254177.2542966
633186338.2020614,376659414.72287375
242254101.44362864,369612205.605577
114575631.92275211,382945702.71679235
5017418.325849911,351647427.7971034
226323869.90857244,368483218.8426259
20030283.717584945,340115529.98841363
202043358.51537737,344780633.84229183
931970605.0852947,364867115.18993825
389755605.2014276,424594088.57088023
271641477.0857391,387268132.10658944
675060017.4226671,405732204.8543235
62312566.12846154,393356690.87589735
843906529.1943992,360939853.3986593
31555142.489144836,418553328.98895955
432696128.60622233,386773395.7736647
150703518.54502934,364726122.08100516
617422508.7669975,410699812.2650792
482552270.09577626,354458570.4143875
544730875.2764322,370799825.2115436
435558478.8188964,346058987.5631927
209842336.42430592,417198063.02248824
672887426.1161679,387668576.93883103
139679695.18817335,361130613.58930737
542201942.6617767,394252946.730223
8760449.964133566,434775169.1720264
929070441.2061238,362298242.93718743
905901994.2903118,408382118.6762319
343844319.9973342,390981470.7847197
896230221.5675509,370697290.26904577
902547355.1136804,368984117.78183866
787621069.4066435,403308134.7643326
715197590.3099916,419193046.3112558
537779388.0703199,390500070.01411724
425588127.04304236,372145793.4063002
744620671.2099661,353759464.16465
204995050.96532115,362703116.6355887
113145165.36526965,388630390.03711945
901485417.0982028,363228852.83042866
459531904.4546913,391020134.92690414
817193086.5908861,360193967.9614244
29337742.734220542,386925154.048507
155781556.59173885,350951773.9111555
473013626.75682545,363467291.7882912
82904612.47307648,383640942.0968573
930748022.9742746,417231740.6340225
425476557.502996,365690234.8472568
391085170.04844195,424463573.2739475
387236671.14591604,352383737.8483729
551269693.506304,351031605.6387271
53753270.8379422,386088649.62420756
179655549.59176725,420603099.75410116
779049842.0334024,379668626.9556677
869381936.0146861,373198517.6686227
660682990.3865836,375073756.8909348
611039057.6082221,399457203.5698904
362262463.923842,423731405.5931188
369590323.90109193,361741758.2935995
615732580.1342764,397735935.71756804
990031452.7375066,404957595.41672
740421045.1774527,357687293.51635045
388056466.4395339,400211795.7103742
917944929.6582817,370653262.9736068
872484372.033751,354835074.32882327
441128424.7380337,364603245.41444033
964220620.5516688,395744518.5087923
372043691.4211954,370364441.9939955
825320540.8330036,410863191.59209555
493348622.3983983,417050541.7833426
496872686.40281594,379613918.8851037
721073967.2581513,375269524.9860937
746633947.3731651,374946426.136281
843350152.37142,361032642.7167003
783044515.0950555,345704685.9017042
206133767.88017336,418354873.43274814
411066929.02260303,427373421.3668319
15832938.082592547,396874858.53079885
562948581.9373839,379857824.8149183
163295026.52621874,383018455.37615347
480075751.8336277,388895252.1464107
564906211.344427,330358769.2472876
516022921.6582035,388450636.91657245
704060690.8953177,375008320.0021993
102327366.75018539,390791571.2930431
416465989.29049736,340430975.21560514
950944370.3553534,389778974.4828412
231480278.8678035,346100984.50060785
289472001.7025938,413995087.40105164
6273130.214284496,382169913.09615415
601047521.1272115,394793819.8897338
521557092.8183519,387775428.7938535
27060402.702881638,375593378.02344596
382374119.0785589,384355822.7213975
771514428.2200339,413299778.58461416
556763486.7216511,364536140.9710916
502629170.92820436,380969988.69658715
284083238.9300816,396424469.59763336
978247493.5220892,391914927.9887902
3332139.1636022474,381303678.67131746
41217318.23713897,349078981.3174726
784639894.3409386,409159383.0413249
458629459.4269142,356737364.3573249
109755911.9490845,398420936.9007127
290903798.2264774,365944563.276846
639998119.2292258,391971270.5334077
147735306.76979464,404862295.5968362
188048913.78180274,399437289.09827095
768631966.6425351,378783718.7079786
895999943.6708268,404839007.3146021
546503107.5682473,402684200.1725819
166729771.8959707,413200847.15898305
540107454.7668165,395691354.544166
769917551.549944,377718340.9319125
734015570.309898,340078974.55458677
570378176.6838183,388661062.4358592
701662687.8713381,384663891.825921
18497523.82847609,364727977.15035576
885260694.7309409,392387296.3314676
568354704.5930659,380900651.5088893
458849319.3625313,369501688.7667407
777636012.2482114,339504838.6216538
6181917.428823337,390297300.20756215
34230186.62204821,384403242.71593434
971160295.7051549,381060772.0988948
685723621.3851134,380683694.43549794
439729963.17441595,408586965.13562745
358611384.04390335,372882123.02183896
181228893.69361404,397461419.7770908
949673392.6683656,399548761.4967291
964650063.4496582,397444872.52148324
633578670.7689222,377352998.6622811
107751402.90766077,384582791.1297773
287886959.7909165,425073735.93235606
512640742.3468177,390886836.10422933
338182921.6558345,410827993.3265837
334385284.02156466,392865788.9928741
647564196.555824,373160028.26463914
975942330.6188734,423204382.4726002
634353644.6023524,392857967.07632726
201447703.01824144,359244628.3877828
508779733.4135785,401794573.2700233
90203749.28063287,409704253.96565896
919518767.741355,399115990.4375776
538637855.0429335,369461123.1368979
519253308.6477702,400112864.93443185
292759365.6789543,403312680.3705265
312018424.2276433,385286483.6262996
393372916.9798618,416557248.0750119
504295693.0516939,400961006.5433201
400536303.1446664,337641081.48590004
748108406.8216041,397670989.6218095
310496331.49324185,350406150.8254718
264254804.54029715,365858975.2645694
145147020.38245577,357050542.74067324
49537567.77822441,379562419.5585261
284781586.9551325,381542834.3292397
997584554.6058048,362285283.5238416
516001563.3298683,379014855.5378307
377330568.4675267,335617965.56845313
660483516.5556207,416221942.33364797
446871386.9184294,370944152.0193148
930327449.114628,380136556.63574773
735815105.3893554,408415857.8599096
14098291.669585,400831695.3072471
926768844.8790748,370292065.4499482
569309117.4067323,361993867.66982543
602105332.0913217,350104682.5309223
900995211.3638058,396474307.05923647
276200368.3232917,366136038.8503837
565954038.6050838,353113613.28820646
458666699.35833037,344011370.1156849
997202875.1283866,343919963.34013146
465973955.987066,400966098.1581948
583221094.2264714,380850872.96007615
90393826.75821657,397312374.97027147
5834365.821523563,407908375.1535552
135011925.03934732,369963743.5663425
970744967.8160304,373010679.80272615
222954240.37764683,349583340.30408424
818571309.8677728,384651510.68691
727562561.5710049,398148371.7697223
221995982.62490302,396403049.1826637
637909084.191783,369432460.8085444
361619811.653657,368132575.4974191
616614406.016382,366478354.0761387
279626519.26430047,366177533.521279
940170780.4283475,364390728.1170586
795869247.9512191,384446750.9076431
275434201.4964432,401122792.8047863
360027890.7509812,399155997.9968291
495322193.0242527,391033095.1257909
588323078.5907305,353730116.0047009
209024626.7392881,367988689.1808386
109901592.05168392,396963520.57160664
804290543.1374568,390291768.6955832
6100841.065201794,357813175.01311666
810899230.6437275,370767820.3828742
874936555.4405816,392142614.6213067
139437041.88404632,353709089.9178567
266468864.6311508,369173399.81849295
298527226.40038484,359029631.98999757
813248567.8403376,348558803.9705804
687985724.5714153,361368532.0266421
540831966.001714,356693398.9067746
36846382.31383641,400471745.9855978
496226192.67534584,396467852.6912439
339361069.4735862,383907183.3253921
51628599.86322698,403003832.4788258
870079064.5246943,390533895.17670405
342699110.7506626,399718205.2570386
184819984.2585518,388107991.40752244
453997247.7458772,381514642.0827089
608205063.0580714,359135000.9979289
583131812.9485853,399057473.3212416
352708263.17963755,379212279.78613037
737605957.5513334,390557151.91049224
705182772.01939,410013973.4698295
171286534.8211865,408467367.9168988
140969677.11758497,409279677.2572224
652296329.7541246,392899242.03343314
630697412.0740534,365880120.56249404
775795704.2201186,334953067.4001933
802794179.805098,366991960.6017129
631958188.5484804,373294510.5987507
704837304.7463796,353530470.8848678
377447563.64523613,396615256.9590907
704433344.6901946,388476192.597689
633998435.4307832,401227292.2383128
671675473.7064129,333964250.7093763
47995191.60650306,406802644.47096133
458973145.4712967,402781783.35368574
515523070.5280908,397023639.6247873
961942778.809063,386179678.13806826
883443859.3012346,382382999.2855535
585622072.8235203,417784951.1035997
762123136.2695978,408868107.5760009
435910086.12996125,380662392.1284501
173960676.956601,403542508.29832363
59247899.29542466,361170699.41684157
979932126.2284285,402047578.48022133
23021054.316348013,365104816.2349346
587785931.3892869,392654432.11864495
147250024.35826802,367294895.659667
878449968.9267894,352735331.82076913
609740907.8169961,369913167.95982254
627962982.105372,366831425.3802238
629433338.9513032,380524956.9459825
183551938.8546324,435402819.4610644
449771625.5826778,410509046.5792003
208197955.4918421,363810873.28344727
113948702.52567172,389529517.4096115
158087121.24441695,428142433.22448874
514657099.6537973,341671711.1141392
561769159.9018401,383051821.5882032
913151504.0016122,376322371.5374107
385710637.46449953,363283659.2038418
394549007.1652578,372324433.6372379
605525980.2604221,349260611.9251194
588124621.9367396,374751453.479441
847939703.3074613,349963752.91797876
292084740.12912273,343680827.10063934
694519774.990232,374558008.2979904
554243506.6676353,349498862.41942966
873280058.4996005,424971522.45787543
869890313.9159942,364937020.73966557
69005108.4455877,366393243.25026053
498443216.6347161,355356841.8737977
684961514.6951908,397963427.9903686
68656045.61335526,400978722.25747573
662603525.9005967,405371303.3356955
105737026.15675496,384098807.37778753
183142032.67301846,401018284.58233213
312969855.76664644,389631996.9468945
458027755.7675219,369117554.44203997
417454464.4559159,355261322.67234594
620451153.3048666,366099584.73233944
164283376.21519968,356033359.05555147
479650434.3215438,382236179.1632476
738360859.5187396,363908902.799808
570314362.4593306,381165523.5077731
211917076.94364098,373209910.9687945
146890136.51253423,414010569.59741116
732786411.8477263,355242632.6042777
708236630.7312653,369606454.52003896
904622203.2008977,371274012.5855449
228304137.35659537,401380351.35528237
879697866.8935928,360588722.38425785
692580961.4865361,346668539.4852987
212534336.55437678,389909516.5489725
967605211.0084317,353909535.1229282
941696029.9780192,383666339.12797886
438475124.33124816,396393257.22040516
652054384.14806,384130628.811482
390963697.4980403,399761679.8936195
964140375.9631654,382910624.8665283
18679178.00186549,390261818.0870076
41040817.73207942,418113926.6121813
367356916.63420033,368437721.26360023
585343284.0024842,398318701.52281725
725215313.0159304,353375061.5951234
418053235.7795323,415584239.7833258
351826822.66083235,387223329.6630865
884393574.597735,369195223.4425862
716154410.2318075,356329434.89396656
499658619.60168815,357254414.1380328
559328744.372497,378413145.21863544
707013996.8645505,381931753.2500378
32318543.13989649,365834424.8003705
396391900.92374796,360966326.3499021
576655831.5898435,412106465.46169734
925183898.4894667,409910411.57343066
796212055.6969446,346694945.22565883
79041218.49432987,377634137.32918096
190044585.99741426,361950791.2775219
651898193.9000711,353687946.635535
405860122.0242986,408365453.24790496
396790679.6678954,375968847.7713004
180347311.48865157,369468976.43324786
67895293.38320427,353190660.75957286
937583236.196958,363594784.32985085
654752312.5465657,386822081.10236144
584348498.2878925,403172058.3312576
339799202.77553517,379158934.29111385
114972110.54787609,413758069.8885447
678250536.3445119,409832425.8941766
848723458.8280694,363259538.76018125
535127397.35800934,381109928.3512643
821913393.2226965,387506297.9252932
486745583.0609985,402809859.7307505
639759870.2545347,378360397.1632961
633732134.6698215,367907134.1315694
78710177.48906891,374217276.8758116
989802869.06051,352513805.63009804
720818720.7591493,380495485.22311175
404773093.8924398,354802309.79309297
621653339.0450466,360376307.7617456
358529956.2925132,376668261.03462356
210322494.3977669,370914427.6288692
562143534.585987,422091349.60625046
718277445.2527815,361178654.27910584
48277168.39296272,345173696.6692901
541850377.7386249,382298889.1669065
782920701.4033662,408991644.49179727
578338170.3068209,355782812.8690009
155325657.49717414,380664066.99873525
59225149.310738266,342633427.55938935
998571285.8451982,354129884.8842478
758275116.6695465,360421178.2492769
657601638.9473901,387834240.29957604
396429509.86086303,345538515.34461486
653923551.7463088,404791598.810167
491612826.5249663,375609278.5553721
244502625.6173894,433138498.94950455
891874236.9024227,410824273.7635323
431314912.52455497,405335862.23275083
10047331.42201561,365413809.37674725
965713917.7820034,372424962.82594997
689101227.3082103,407097964.34693265
561920088.6744611,348379036.3677444
183935066.73203784,397107086.561533
11365632.850686727,354773091.57951784
79857615.92602938,348373509.2788667
107844027.08207981,366980965.35292816
993699066.0543256,360783550.3768662
419823561.21295345,351035042.4143387
789315383.5045476,385711208.4495641
610049188.4583383,390626922.2969509
787551069.2978332,349212890.13391995
904794708.4661055,338144359.3832451
805566741.5949799,406877322.0565607
723656520.2471043,361233536.15466905
577559884.3877184,405000061.88906044
259230511.42043746,389493255.9738554
160414390.85752234,397083525.5524237
12520152.214138657,385732485.75062907
616227257.9500583,359421828.94381016
262929760.14920807,353551878.7571684
962366057.1583196,359365729.999857
981027078.5985756,372947091.6084222
962438728.4690056,389220084.5331407
766259559.2165333,377156535.0319649
575309979.3142207,341287282.3690699
759891760.4347445,409418868.3210717
380796094.52957445,362598782.48653984
97139887.09127982,380022516.82828754
510392563.7539114,402429177.3785993
572894691.4308971,405822534.8992755
409679447.8426736,375420974.5386793
909637486.0379912,408232390.25212395
522914638.52285457,361001237.02661884
54018985.873958945,393627861.74851143
107751688.3702958,387186833.4796139
3940669.801666564,374233161.3405232
463629520.2777008,387586495.4249194
700588611.335547,357849867.61078286
307782748.4178713,366388637.1583605
296453330.903497,350142005.3443497
111518737.95802979,377678590.6211435
224813622.50008607,374821032.889506
563151545.4223472,385949335.30024695
512662784.0950673,363054080.9149646
968458478.7236831,405422979.283687
124393441.22154598,356753336.9340904
371260481.76847106,407333655.6155064
806834873.7870721,396384149.62104106
366853513.1677556,390213667.98356414
782271649.3832289,388605119.5460134
798146208.9374008,367970423.2689737
926359197.412493,373831748.3278204
315598415.33557075,393025787.66337174
240130331.90534094,358573454.3484249
533048829.1182664,359466882.0344945
901079056.1347668,369281761.84016395
826851581.2487248,402829562.18184763
719459907.7654445,345878366.7630859
961040032.3975525,398235203.1993676
441963175.48633033,370095642.60714656
46244518.501168616,380857858.309534
797843547.1814891,358243551.4401123
910468441.6223453,393615651.153757
594985049.3734269,363383903.34688044
130614576.66154133,411345154.0978055
828000308.7870684,363342898.8427696
294090408.72946936,341306227.5456833
306872219.70959914,414349288.850111
108671597.38427556,374574765.7025358
242333114.18993637,394560836.3160105
131288339.47479393,397337504.55311453
869166779.3626202,364751945.8551429
968762512.5574971,410579690.0518819
720960902.837951,384438040.13170904
280205277.101869,400834617.7587943
326565064.375241,350491990.7227649
148448028.01359394,377171962.3551268
499616496.36318284,379358948.78976166
729370421.0406066,370228432.4276509
539990780.5915583,389255176.01477534
436928836.24593586,364974619.08848655
758994715.4288888,377217681.5340165
237191816.3031908,410723534.92826396
317304069.0744496,358317563.893625
164267376.4416517,373602631.20254606
388869800.38425994,406440159.7838828
122182612.7521696,388406723.09517235
529357537.80018544,429643680.9931004
102628368.89137782,370212063.8105746
450075723.0985627,362027320.3375893
415936513.18387586,408640238.15664816
608263763.9486352,350234809.255155
114469203.32811305,374102019.01220334
620371965.3833796,403215796.33729213
306775182.79212254,350092937.35614806
474966281.6012423,358841904.86784005
726437828.79824,332147957.8155357
15755263.432874752,404545263.32542527
483657625.23325855,374311365.22704995
722207874.1069345,388062624.40950835
137119419.81094423,387807787.43560123
843125852.9380163,405791360.96145666
30295869.19523835,376443682.8700269
506106807.63052934,373704994.89891255
819196404.8139377,388399007.91772693
368667631.4098176,358060450.36892253
632056977.9358261,372079991.78973526
577303357.5397967,354750480.2262566
528112179.96375966,372419030.5683691
822724829.2281955,389864502.9895888
110066625.39459617,408890300.1872994
645718837.2587049,414381488.46915483
998462724.7160612,393063070.20611274
989033984.6080462,392100451.38480705
731835820.3329275,363361646.61777204
7067805.005491675,374479988.23540497
60753848.571231745,413587509.8827453
94636500.18085843,403107750.534879
193429249.54429427,377129792.30851763
598517727.4986007,354654911.5412791
373760053.8314729,381477901.57264096
581403903.477375,355195208.2205722
126665187.77548452,353168153.7326066
870262728.2865964,401718706.48032534
686930981.7192256,338762856.3824228
873061363.0771912,405673571.95784897
21304325.805181704,394445216.364011
884871365.5627083,386334474.43617576
367253396.28108275,357036319.88130563
662819603.810914,397292066.2931097
314687127.278054,394639001.6142888
536283060.2823078,395463487.5471347
293784339.02745324,404930473.136294
1159547.7008350934,415294359.6196965
258158775.04916582,359333929.5847029
367763013.95276743,385691237.2060488
885076693.3372289,392256111.1493532
664308521.7792002,415819723.40874904
741863804.4327817,370568074.10272557
669922214.1826601,364286246.9359021
524950882.64224106,406346996.8505873
496958905.67545485,388190175.21982825
112421622.32154043,368942289.18586624
896762024.9096973,354900109.6397029
999852819.1345606,418620384.1592074
901096954.9842031,380964328.8010496
952029405.1874127,345282984.93888503
992532803.0741656,368567151.7087682
617877774.7203188,383014019.2632136
526680204.57116485,407566826.1438631
367728288.59067684,380259722.9243122
940031527.6400095,403852994.88375247
357528035.25499,354426509.44291514
776084056.8016229,362444936.0967714
109865573.77647497,350921066.1331282
866157718.5892522,406962754.87534565
65986409.7952113,374794407.3901754
910286528.8883064,365354372.92867756
954078631.333095,352998688.2080075
908857221.8649546,393756027.71229255
186544597.8049316,383819425.92158985
996544003.3150326,421428530.177847
718957455.9509305,414951918.0042969
858084736.1524824,386393574.37620026
578206518.4959753,386800931.8249173
983617500.8603368,381505214.7609422
784060842.9768056,417432188.73390305
9526913.182231322,354140151.29132956
642293365.9158267,359086990.6620796
231143120.71851712,413851915.50878793
507573530.5822829,385750994.1737937
258962972.78542387,344140357.85857296
737519369.887533,412657081.29365766
373924440.3691789,349685197.47606254
428049488.78168553,393661927.5183358
90073037.86403602,408076477.8046239
273142641.6663298,366138042.2132417
295970534.26824814,340090176.78024036
619618076.6789528,373883733.9938387
33061605.945628647,392971418.87088895
407189811.8617268,410426186.6542451
856349638.932438,438049132.13379323
131297101.65846194,383079482.7163713
313518125.73383474,345507628.28679425
611447414.579241,406071893.0777794
133462539.71579416,377698543.3596707
285479131.1403116,410307408.97702456
120956100.7940095,414086316.4919149
588816218.8291245,357132741.64519995
210595089.87410322,396543902.1151813
607975888.6082401,360071069.68715835
677313329.5788524,413461443.78539515
175347287.09275413,396311178.9252278
130942816.74147898,412497778.05023503
903346318.1676269,370213675.0081114
1758764.9765225449,370549970.6092945
115808573.16096348,391382905.15047187
940858695.3252178,385856439.1266823
551684941.2766618,367788904.3146988
711553185.9216776,390644901.484846
597991382.951604,361117574.68132716
796829469.3758804,361064334.60964245
986460915.0411475,399971403.9929734
421299174.20241386,369647636.4605425
791288544.8941792,405382017.16712624
68352968.80830581,366538622.92059344
266239661.40801072,351616359.6743671
750502381.9568651,430373517.24540025
438904612.0121932,378084620.28699625
286627146.44861984,363308866.5045645
187947221.1346583,354891184.8970006
193153272.13448828,421716393.1693368
717413389.5857257,380697101.7892924
356779613.2580842,434898717.1504437
629510584.3247672,389208309.12781537
879345350.9867264,363131648.3704859
147931021.30264664,390291678.387807
801804589.4906617,357169227.6715766
288873710.6438714,356694264.0673168
813341139.6686792,376250885.68811184
881713670.0430124,375460645.6648708
121803161.88528839,360170817.41427743
338003280.6947089,401128107.921121
385874916.33279276,353208929.09180266
257019554.51917464,360843482.3450093
245208425.45901507,365844505.11956394
612022894.6508768,390008566.2356037
77588528.87194891,342837854.47170806
671396060.1577897,407459831.50602245
869168269.6464334,407204181.0007845
91990829.39984296,399959590.38590914
116402070.14572103,386280795.8108311
430448482.2507074,407334712.21112
827331006.7403094,413183636.5940509
388895222.79548466,402434374.01430744
670894158.491989,357832325.9969155
819872078.8156438,354786083.6108109
895885629.2115653,360839058.22718894
12060850.5169612,359156792.4701887
976186713.3365138,386198036.73604745
696538798.6190623,401262306.0009293
311374899.93226075,352720146.4433397
644963479.7649602,353977528.6666161
525308316.184274,409013662.87825435
299228982.50154614,407742263.4424959
340209375.98620945,349306885.0378897
858695625.7960235,349191203.63849163
154023470.93408647,403863817.40027213
398435198.5025017,399537258.56344634
50586845.83099322,410343906.4160609
760776237.6286446,370864016.3672083
883163626.124268,415971744.7957766
343111825.2238919,368190982.3861762
503966916.27922004,354701559.3463979
817288175.3860356,392212593.5831314
519882752.8566146,381554083.06242687
206596057.36782387,375815214.3500471
575521389.4933497,373158276.8308358
647775954.9331878,363638354.01922315
754099120.8599981,413329168.1205733
264275133.70495826,410454633.26258564
313567128.41464144,397524988.7336908
659516226.7053492,366103122.6389117
210758443.16598648,386396244.82400745
871039906.1606723,358373858.43449086
129092260.77574211,345765550.20888954
533939435.8092617,407384821.5927639
418035667.55369145,400959618.8597318
862252830.3266907,403262700.212256
443246429.26426196,384047028.0484503
327450855.25617963,404552100.99770826
662582292.1188715,382586559.193468
357150043.8950888,402365750.5631345
925868400.1397612,335178930.602787
769270028.3992429,351176192.3214789
404367602.874186,364693637.6903499
603634861.2711262,389779401.47766453
613360677.7544341,352944431.97255415
855417216.7535571,424904327.3770367
494711052.39365065,402596880.1496086
239882196.62207723,400296237.53708404
642054562.2799497,384479361.008398
413938793.57892084,390412133.62966615
171460930.2786099,400451632.0390041
987443797.6691506,341811564.4406426
212115297.39121506,338175130.0950894
641103231.8196745,347614053.9705711
974071601.5515578,367312453.09908587
364072508.82011664,378299662.1410465
523198483.5766619,382620626.9595869
139659223.14937496,387651146.38763344
92082187.70704745,384331409.0082852
172663817.04854947,409254930.08131236
866192500.5406758,397231076.91412574
128833422.89010541,392708496.5365694
727639296.3192987,379577120.90470606
362617266.17951035,376026176.485963
396931495.2409977,398307060.92651653
435568956.545459,364264552.59469825
563362868.573648,375174274.73595524
999710949.5788497,372735572.9140152
515126230.3577774,426441584.61301047
382728248.6687705,402185491.03505164
919290342.8579326,369623613.03894967
20379978.67789696,400323070.63677645
894462412.3737668,348863001.1409432
933889903.5207059,342990780.4163169
309469184.303891,418973602.1720346
849535470.8633791,363574838.3103052
588982781.3787277,391632628.9033724
364166248.5355821,409030764.37132925
879321255.6605206,343856858.5377733
3151557.977008904,400221757.12490934
76722514.45268641,391722224.3021659
418945807.3679421,366162636.09825087
146576002.43225282,369702395.5338681
245839589.0362919,394977739.5880185
856581160.0681674,368231228.03673214
12807354.820432909,386359713.74201316
729558907.9219358,358502445.75168264
929099202.9297278,364009393.807619
726127289.2096343,364721982.1700602
381856761.01077175,377481117.332186
45593693.039138965,355710289.9031662
165278643.8240199,355962109.50494397
985168936.4381565,397726699.10923314
33154213.420869432,365773618.41634303
383912430.66998416,401343861.59118694
591512823.8068651,380460087.1164603
608520829.2938093,402954430.18592834
672388251.2265501,417107819.3783888
498307245.4349138,397263765.92988527
671235491.1762943,410691479.2807401
982185045.5413921,398015771.5088226
28342956.92483547,420094747.64417833
84031320.0335529,401132788.7269539
746403316.8395423,373281360.9265395
137490913.510337,387645363.2187633
521555756.0214709,417108971.61742276
249670269.82538882,356907852.14224035
694308916.4127183,348329393.4539419
50339742.81328245,352467211.57515293
353981325.70466423,369026523.462844
2103077.9123414215,388365805.5043533
703449877.1775657,330668403.82976305
503356303.98698825,389483117.9903867
109466984.51579325,349453394.99070776
801838878.1546962,360350669.3109588
188807769.8559314,363032731.3238156
584228511.7437277,370881057.5652363
339770974.1405683,378445880.1065324
318877986.5945187,359717730.44759554
82842608.12430887,369172854.9233081
714448344.0707716,383711892.61311865
501676408.46038175,358409803.3882901
606863732.4918151,387520418.4538602
88694628.6847472,383425666.22279793
13312589.054886056,379238862.30727667
359775092.5082306,412848521.00095004
808043746.6101716,362845913.2856754
184491989.15077025,421651873.8498069
658806077.7724221,394662220.2528311
886286412.8614925,352082312.4998127
964799313.1375142,385498592.070728
765310712.6954546,386972714.8489054
618671127.5883417,336764652.619477
666289618.0117884,402012694.76881117
859205180.9168164,396363501.55779016
898481973.704768,415151479.9341033
575784971.4802879,344569265.05225813
320460526.78972757,412384345.80084777
617781601.8028717,402769015.5406023
610792505.5778025,378127173.33250314
65861669.964264736,394691107.3344027
709475331.6994318,372275770.995577
458293605.0618948,394564423.8581059
885968204.3172811,377710268.7403559
273192667.9547816,362672573.6930906
391279389.39466673,392019055.55367076
957331319.7768863,423976844.7991318
699235015.076538,361044648.8068702
410427934.75301814,369754221.3076432
279914014.270445,360240026.4554898
309247348.25019455,374362462.23119164
14224142.111959884,416529918.49917054
662113629.9887617,403940732.29784477
613603268.4597911,392908657.88232064
670747818.7601651,416244365.7447294
575921484.6259029,367464505.20408404
104858976.85819493,385080182.88059914
497220391.799539,347765514.16821796
266239177.35843375,359946053.9779321
667081790.7513559,383478192.73434347
283919713.8351257,402313763.79734147
576123338.7697929,395177088.1835168
46237876.786663294,358749964.5533641
218123242.34510288,402378683.1746635
195956344.09873283,369496785.51922274
970995889.6231006,366102005.6621028
241421095.9689867,359824395.306155
699938546.8255847,404315444.310797
64661427.90358886,400945639.27538675
827270954.3788095,367625796.936331
739035216.9371977,369285205.2284048
918416498.2483255,381358116.37922364
286279548.1270122,377182172.5314229
280916938.69088227,397530261.4862398
869731100.249333,386236906.4804746
420459411.9671233,386393720.89252865
457905798.48028004,413554214.5675271
168711291.19136712,395077102.4051847
193622080.25210094,367650369.5137155
91685309.07343356,356278470.0035985
269512733.48351973,362665187.1652841
535699622.1970898,370048927.3062235
223565156.67662087,361835605.70696354
457509335.32921976,399022147.2872912
243003245.18952933,387698031.4783107
540369731.7254195,410789142.95062745
77368739.35607529,374578418.4524533
926846621.8528103,364587898.0943906
967587150.0290191,371479898.5768228
817045097.9005048,368408400.09702855
396902030.6508441,363343315.69385743
258829526.71613544,365710741.9715168
989842268.5127285,395501124.66739196
754745270.0333081,367169649.5393423
377471469.63702554,385675005.06533897
489890850.5313011,355950414.6082397
493748012.7948323,407129299.7465149
570217422.7899797,418163617.07927966
509683862.9793387,352572597.5823408
36588663.82837743,364359199.4475772
438905317.87798095,354563006.9233833
884901877.1572604,337986923.7153696
226865004.6398561,363840463.1521754
608892090.9125099,361863135.4979697
990708810.1679345,365868952.30156106
784884521.7717956,402062884.6490065
640479647.6185027,355128932.0056359
680350553.6581515,396635587.76854783
218886140.5971794,390671393.35680795
255543524.56523427,399809494.188147
591045326.4698918,345493331.9711972
162187804.71723187,373746558.19422525
633681409.3760968,377591370.333408
107678154.47706607,391893041.488651
889437230.8438212,360243803.6160329
497605439.2617763,354567326.1930096
119114192.94278148,391249344.3594322
44484809.56183666,402632408.876619
722173043.4614321,388279059.31143814
246019759.3277174,372826076.80085427
602893711.946446,423017263.7806275
306539958.7866056,367878404.73647225
138935786.20984456,422652736.13218975
209976983.30548012,414934206.269213
510441818.9410301,379236503.1786393
557891128.3703483,374092193.46053404
785380625.5944942,391422030.80134064
369331524.1101883,354552268.41725135
272628863.1560413,376710741.01070124
236588386.20028606,395475336.92309266
434623842.4450599,401767656.3488838
354916010.51934713,414385383.7780639
423739511.36722,407642905.2376519
364733946.1402223,357798501.68971306
900429882.6562284,396128085.1185623
732397908.9669294,396760351.2035239
798540801.1738195,387206078.97925824
584441558.2554246,361972112.7063814
924107430.0646886,405802033.43328047
333283523.49655664,403620493.11722165
652651809.8347003,383980409.03381187
293440614.2741576,371390462.75206095
550121663.5902817,375163249.01431173
182221504.34839463,391647732.8353084
309617327.75536716,369778988.9627976
13190268.712497227,409223556.33031213
626675055.6109394,353648094.9774931
838880528.4705358,386523238.5403392
18416944.962065704,368271703.8006171
479901999.6216736,378567077.9331491
247566645.52388734,368168894.87749887
